<?xml version="1.0" encoding="UTF-8"?>
<project-private xmlns="http://www.netbeans.org/ns/project-private/1">
    <editor-bookmarks xmlns="http://www.netbeans.org/ns/editor-bookmarks/2" lastBookmarkId="0"/>
    <open-files xmlns="http://www.netbeans.org/ns/projectui-open-files/2">
        <group>
            <file>file:/C:/Users/HP/Documents/NetBeansProjects/Algorithms2/src/Models/Weakness.java</file>
            <file>file:/C:/Users/HP/Documents/NetBeansProjects/Algorithms2/src/Models/Root.java</file>
            <file>file:/C:/Users/HP/Documents/NetBeansProjects/Algorithms2/src/SortAlgorithms/MergeSort.java</file>
            <file>file:/C:/Users/HP/Documents/NetBeansProjects/Algorithms2/src/SortAlgorithms/HeapSort.java</file>
            <file>file:/C:/Users/HP/Documents/NetBeansProjects/Algorithms2/src/Models/Metrics.java</file>
            <file>file:/C:/Users/HP/Documents/NetBeansProjects/Algorithms2/src/Models/Reference.java</file>
            <file>file:/C:/Users/HP/Documents/NetBeansProjects/Algorithms2/src/Models/Cve.java</file>
            <file>file:/C:/Users/HP/Documents/NetBeansProjects/Algorithms2/src/SortAlgorithms/QuickSort.java</file>
            <file>file:/C:/Users/HP/Documents/NetBeansProjects/Algorithms2/src/SortAlgorithms/AvlTree.java</file>
            <file>file:/C:/Users/HP/Documents/NetBeansProjects/Algorithms2/src/Models/CvssMetricV2.java</file>
            <file>file:/C:/Users/HP/Documents/NetBeansProjects/Algorithms2/src/Models/Description2.java</file>
            <file>file:/C:/Users/HP/Documents/NetBeansProjects/Algorithms2/src/Models/Description.java</file>
            <file>file:/C:/Users/HP/Documents/NetBeansProjects/Algorithms2/src/Models/Node.java</file>
            <file>file:/C:/Users/HP/Documents/NetBeansProjects/Algorithms2/src/Models/Vulnerability.java</file>
            <file>file:/C:/Users/HP/Documents/NetBeansProjects/Algorithms2/src/Models/CpeMatch.java</file>
            <file>file:/C:/Users/HP/Documents/NetBeansProjects/Algorithms2/src/SortAlgorithms/InsertionSort.java</file>
            <file>file:/C:/Users/HP/Documents/NetBeansProjects/Algorithms2/src/Models/Configuration.java</file>
            <file>file:/C:/Users/HP/Documents/NetBeansProjects/Algorithms2/src/algorithms2/Main.java</file>
            <file>file:/C:/Users/HP/Documents/NetBeansProjects/Algorithms2/src/Models/CvssData.java</file>
        </group>
    </open-files>
</project-private>
